{
"AllowFileSelectionDialogs": false,
"AllowOutdatedPlugins": true,
"AlternateErrorPagesEnabled": false,
"AlwaysAuthorizePlugins": true,
"AutoFillEnabled": false,
"BackgroundModeEnabled": false,
"BlockThirdPartyCookies": false,
"BookmarkBarEnabled": false,
"BrowserAddPersonEnabled": false,
"BrowserGuestModeEnabled": true,
"CloudPrintSubmitEnabled": false,
"DefaultBrowserSettingEnabled": false,
"DefaultCookiesSetting": 1,
"DefaultImagesSetting": 1,
"DefaultJavaScriptSetting": 1,
"DefaultGeolocationSetting": 3,
"DefaultMediaStreamSetting": 3,
"DefaultNotificationsSetting": 3,
"DefaultPluginsSetting": 1,
"DefaultPopupsSetting": 2,
"DefaultSearchProviderEnabled": true,
"DefaultSearchProviderName": "Google",
"DefaultSearchProviderSearchURL": "{google:baseURL}search?q={searchTerms}",
"DeveloperToolsDisabled": true,
"DisablePluginFinder": true,
"DisablePrintPreview": false,
"DisableSafeBrowsingProceedAnyway": false,
"DisableScreenshots": true,
"DisableSpdy": true,
"DisabledPlugins": ["Chrome Remote Desktop Viewer", "Native Client", "Widevine Content Decryption Module"],
"DnsPrefetchingEnabled": true,
"DownloadDirectory": "/dev/null",
"EditBookmarksEnabled": false,
"EnabledPlugins": ["Chrome PDF Viewer", "Adobe Flash Player"],
"ExtensionInstallBlacklist": ["*"],
"ExtensionInstallWhitelist": ["lfaiipcbbikbnfcgcmaldlacamgekmnb"],
"ExtensionInstallForcelist": ["lfaiipcbbikbnfcgcmaldlacamgekmnb;https://clients2.google.com/service/update2/crx"],
"FullscreenAllowed": true,
"HideWebStoreIcon": true,
"HomepageIsNewTabPage": false,
"IncognitoModeAvailability": 2,
"MetricsReportingEnabled": false,
"PasswordManagerEnabled": false,
"PrintingEnabled": false,
"ProxyMode": "system",
//"ProxyPacUrl": "http://ip/proxy.pac",
"QuicAllowed": false,
"RestoreOnStartup": 4,
"SafeBrowsingEnabled": false,
"SafeBrowsingExtendedReportingOptInAllowed": false,
"SearchSuggestEnabled": false,
"ShowAppsShortcutInBookmarkBar": false,
"ShowHomeButton": true,
"SpellCheckServiceEnabled": false,
"SyncDisabled": true,
"TranslateEnabled": false,
}
