{"file_hashes":[{"block_hashes":["y2s9LYjW9fmwQkYeQLPR+jWr8AHTfD7/a61XOkSHEbk="],"block_size":4096,"path":"README.md"},{"block_hashes":["KjPF9/myCr5gibJ89hR7Zof+iKriZI9JH0SnBbvkkYY="],"block_size":4096,"path":"background.html"},{"block_hashes":["BVpxtAKoxQ7fOzDkmZf8L0+gF5Tv+Ew8tevg+0+Kqc8=","0Oovp+xk3rQcjslrW24va2KLqY8N4u5Jdk80O8cbkEI="],"block_size":4096,"path":"background.js"},{"block_hashes":["z6dQPzd1JYxjyYllBKJvJvS6+q+b4uus/sh0vKSc8NM="],"block_size":4096,"path":"buttons/Thumbs.db"},{"block_hashes":["kIfPgkuVlqNTi56xV4k+xPr9REEIvl6JD/QYgfIaoz8="],"block_size":4096,"path":"buttons/keyboard_1.png"},{"block_hashes":["M+0xQ9q1qm9bFiTrcojYrLPhnWWayfEzOb6QRLWGy5s="],"block_size":4096,"path":"buttons/keyboard_2.png"},{"block_hashes":["XodhX+A2zpMoM0erC28M3V7vKZ0UuJBckXfmQ9DY3/E="],"block_size":4096,"path":"buttons/keyboard_3.png"},{"block_hashes":["OA6jvdPNyMh569pG9Gz9DYySZ3VBDcoVVovXsevuvYs=","zaDHA/nnCpme6dS9Fz5dyM1qlcKDnT4cmG60G8eHEx0=","AfdsajvAn/9skrOFZ1koA6BN3sEX62B32VH7T0MIozE="],"block_size":4096,"path":"icons/Thumbs.db"},{"block_hashes":["nYrOLPT6zWoCehBQuvl3nyHhkDWTc0xrOpCk2pi4DGQ="],"block_size":4096,"path":"icons/backspace-e.png"},{"block_hashes":["tR48PabanBT8kZhWv5DtlOtluvy95IZ2Nw8tCQw5d94=","wq11K49+KI8VaJ7xopHprRiMuuhpjY778120Xepfy0E="],"block_size":4096,"path":"icons/backspace-s.png"},{"block_hashes":["05oE5fB0wD1Wjw1xb8ZHngcXytIX/BfrEVgMc/poYkc="],"block_size":4096,"path":"icons/backspace.png"},{"block_hashes":["fJg+h6dL5DuR18mgXz7aK+UwK47cfCLPibNbRWsYLxs="],"block_size":4096,"path":"icons/close.png"},{"block_hashes":["OTuFpG5XRdTkveEui2k1QBI+uo+sdYJkDFlDVphMuQM="],"block_size":4096,"path":"icons/enter-e.png"},{"block_hashes":["e/Yt6sJ0afN53eD+n/fxvytje3zmnnH4+BgK2hlHNYI="],"block_size":4096,"path":"icons/enter.png"},{"block_hashes":["5Mx+wVuMnuCPTYaxAL4aMyftX963D9EUKNex0qB7YdE="],"block_size":4096,"path":"icons/settings.png"},{"block_hashes":["bEgS4mNGyVOTOa/B8foGFk07p3zazsi7a2iaTGLZprE="],"block_size":4096,"path":"icons/shift.png"},{"block_hashes":["REOizKCjLcpF7B75knlL1FUmLAuqY35jIQXN/+vkkfU=","jnUKjrKVYpVkY7qsZ/DT2lrF9T2NEF9SpbsWMSsWIiI="],"block_size":4096,"path":"keyboard.html"},{"block_hashes":["ltP88bXF6ctkk1l0LcIgL4m1Cf9dOeY/SOg2ZOH/y/k=","lW54O3jA8ubLSRaZ3/FvJ3gADoi4BXrp0Br3RYlttgI="],"block_size":4096,"path":"keyboard_de.html"},{"block_hashes":["o+qzzJAhv+F1UPsOMxkO7WjMwyls664KAnwV0EpRi6g="],"block_size":4096,"path":"keyboard_en.html"},{"block_hashes":["BwMo8zq6RDQ4YLzOnR3I74HCKFv33Ngqz9akzJBjyJg="],"block_size":4096,"path":"keyboard_es.html"},{"block_hashes":["YiejFKwYFQwY06t2eN/9OQR7zdp4qOWk0/22mOGayyE=","2XA7CeAvwPL02Y96+i6OxGTUN/HOq8ww7mjUj8PVXSo=","Pcu2ZNSA/QbElpNSKRkK4snE/VmuDRiSBKNUEDkpOtI="],"block_size":4096,"path":"keyboard_fr.html"},{"block_hashes":["lQnMxP8s7CJO7eGqPZEVq5M/5k2AqU5BcZFSXEWC4bc=","xhcPzd3u7kdljad/qBiqero27LW4jMO0dGeYjFZMbCo="],"block_size":4096,"path":"keyboard_kr.html"},{"block_hashes":["Dl9ZynQL6NuZweMAh2cY7jLuYcesWonHc7axNEwZfuU=","qWr1ODKf5cb7cXkQppGTYtSZqN2ITAuvxVlqEUYaoCI="],"block_size":4096,"path":"keyboard_pl.html"},{"block_hashes":["B9cVrXMPAXS2WCluZQK+3EX7X3WEVKR8ZO0/IBZeDqk="],"block_size":4096,"path":"keyboard_ru.html"},{"block_hashes":["+uRmK/KzQrV/pJOBp5pTMGowk3Xu5lKrynFaa6TrsY4="],"block_size":4096,"path":"keyboard_sl.html"},{"block_hashes":["b+oJmT6uviwXUpokjK7WstiHYKLSvsYyiyG5AOx4Z+I="],"block_size":4096,"path":"keyboard_ta.html"},{"block_hashes":["Ke7JvOv9pdxqzB6SMnzAFa+gSXsh5TP2KbJBfFzoFEU=","QmpvPT43z/7OHjwJL928NCIcqNzi2bBY06fElR6OEcs=","vF9iS5S4vBU+whLCX4T+Nix7cSReX9UT/vucnbQdtnM="],"block_size":4096,"path":"options.html"},{"block_hashes":["WicbfdMv2RJ0iXH7jV4ECijp69ZY0c9eQN96Xf6M7CI=","0t4uGK/K6M6+nDfGoUGGvYyLImMwm2uYm3e++442rx4="],"block_size":4096,"path":"options.js"},{"block_hashes":["LsLXeInC9ws46ypLevIf5hsjpPrExhnjTk2qS1gQRiE=","h1xRbtOTTgPhmEk6gjmcdF71G4F9CypUd2TIny2Z/VU=","q3EviOYuUsWtliJxna9Xf1SFtizC1ol6sQehxO2fC24=","NXtd/2tVZK9uoMyUHLnLLA3iEvOIgF3YoCFe2hji0Sg=","eH0wkjCLnU6+/XKxgoLqfzAFJqwhcMpjU/yaYcHzehU=","/pLpLMp38pLibz/VSlvAjbDeB2Trv/7/k1ojm7WXDB8=","uiWroycTJZer6273aMRBN3yYnmCwppF8pgPE9B6Xuew=","fk4GY/ZPoOV0nxjd1WVmWO9HWsaJ3YoFMhtuimptGmI=","9gVazUBvFmnT/+sR5kmT7xrM4BqVZFu6yzpV0obGkzA=","tb0jQiBlV9No5PyrXRjV4YRrfOmKNWN6/I1oa/4FNFw=","aUWDgk4Ditw/FervmAkJgcBcY1XGxi7nKdcoW6V+RMc=","nwZdBppQDN1yjvXXDqkpUAKhakljpH+403N6QIgynkg=","3ndXVtkgh4C0R+A386p/fRtqIbhWV7d/FOZjGhDduHo=","/HkDuFvMrhRt3dtEcMcUOgmoZYR2a6UZ7sxhKq0khw0=","m38fN9OUwwuyt5dfXPDUZIn2DFf5X/OOjeSx5kwL33U=","1T5R4A8wvET2QZd0qjzsyHQDiTt9YwxSkh9HTuEdfpE=","01pSKW9et3VINruZnEYxnKAX6hJ0jMxB30ajPjHYEl8=","dvWpT2KXNeuDgGOYlc5su8ZI+ku+4MOdJTcGA0jeVtc=","Yaip6vk7yp/oFLvry3pEIEX4/hBGBa85EGiZmZF3IGs="],"block_size":4096,"path":"script.js"},{"block_hashes":["0ckOSe/3r8S7HJqd/Qgu3O0XBl1suMqxDyRSvUQc7P0=","ksI22Z8EFk/ORrDyB3wLFrRmzyaie9pYy/2PDaGsl44=","d8vBsdAd378gVXpPMKdJLM6gl+AWAQSDO4CQ6uf5akM=","JLqCLs1+0sRpYDOAj9MpX8KGpH/RfyuZTl4mJRwHYBU=","nbe/Aqp/GBajxOEnpDM9T8sksO7K9/WFK/WcTshQDNA="],"block_size":4096,"path":"style.css"},{"block_hashes":["ksTAXJsGzjI+M6GnwvmZrxjf0gMb5WiH5+WdBdZcLFE=","lI//hRseFf+8ommspE3zYVRrnO2in8kyRhqy9YBGETg=","eQo00HLqKzqfYnBnjtliPWbeM3xEs+A6sOHME9KYuHk=","3Jkf2L5O/JdJLBrQHO6mCrvC+DnStwtby+0CKTVQesQ="],"block_size":4096,"path":"style.scss"},{"block_hashes":["k9QWZ7LjP8M20YcGRBKv0uSt/VZnT78cNy2CdHXCT7Y="],"block_size":4096,"path":"toggle.html"},{"block_hashes":["L7CYGPood2ToXJgOf6FGta7Z+HYQi/8+ESHYbnxhuM4="],"block_size":4096,"path":"toggle.js"}],"version":2}